MetricType,CreationDate,MetricFrom,MetricTo,BaseFile,CompareFile
Weekly,2020_07_13,Wk27,Wk28,../../wsps_final\2020_07_06 Wk27 Weekly Supply Plan v2upd2.csv,../../wsps_final\2020_07_13 Wk28 Weekly Supply Plan v3.csv
Weekly,2020_07_20,Wk28,Wk29,../../wsps_final\2020_07_13 Wk28 Weekly Supply Plan v3.csv,../../wsps_final\2020_07_20 Wk29 Weekly Supply Plan v2.csv
Weekly,2020_07_27,Wk29,Wk30,../../wsps_final\2020_07_20 Wk29 Weekly Supply Plan v2.csv,../../wsps_final\2020_07_27 Wk30 Weekly Supply Plan v2.csv
Weekly,2020_08_03,Wk30,Wk31,../../wsps_final\2020_07_27 Wk30 Weekly Supply Plan v2.csv,../../wsps_final\2020_08_03 Wk31 Weekly Supply Plan v2.csv
Weekly,2020_08_10,Wk31,Wk32,../../wsps_final\2020_08_03 Wk31 Weekly Supply Plan v2.csv,../../wsps_final\2020_08_10 Wk32 Weekly Supply Plan v2.csv
Weekly,2020_08_17,Wk32,Wk33,../../wsps_final\2020_08_10 Wk32 Weekly Supply Plan v2.csv,../../wsps_final\2020_08_17 Wk33 Weekly Supply Plan v2rev4.csv
Weekly,2020_08_24,Wk33,Wk34,../../wsps_final\2020_08_17 Wk33 Weekly Supply Plan v2rev4.csv,../../wsps_final\2020_08_24 Wk34 Weekly Supply Plan v2.csv
Weekly,2020_09_01,Wk34,Wk35,../../wsps_final\2020_08_24 Wk34 Weekly Supply Plan v2.csv,../../wsps_final\2020_09_01 Wk35 Weekly Supply Plan vFinal.csv
Weekly,2020_09_07,Wk35,Wk36,../../wsps_final\2020_09_01 Wk35 Weekly Supply Plan vFinal.csv,../../wsps_final\2020_09_07 Wk36 Weekly Supply Plan v2.csv
Weekly,2020_09_14,Wk36,Wk37,../../wsps_final\2020_09_07 Wk36 Weekly Supply Plan v2.csv,../../wsps_final\2020_09_14 Wk37 Weekly Supply Plan vFinal.csv
Weekly,2020_09_21,Wk37,Wk38,../../wsps_final\2020_09_14 Wk37 Weekly Supply Plan vFinal.csv,../../wsps_final\2020_09_21 Wk38 Weekly Supply Plan v2c.csv
Weekly,2020_10_01,Wk38,Wk39,../../wsps_final\2020_09_21 Wk38 Weekly Supply Plan v2c.csv,../../wsps_final\2020_10_01 Wk39 Weekly Supply Plan v1.csv
Weekly,2020_10_05,Wk39,Wk40,../../wsps_final\2020_10_01 Wk39 Weekly Supply Plan v1.csv,../../wsps_final\2020_10_05 Wk40 Weekly Supply Plan vFinal.csv
Weekly,2020_10_12,Wk40,Wk41,../../wsps_final\2020_10_05 Wk40 Weekly Supply Plan vFinal.csv,../../wsps_final\2020_10_12 Wk41 Weekly Supply Plan vFinal.csv
Weekly,2020_10_19,Wk41,Wk42,../../wsps_final\2020_10_12 Wk41 Weekly Supply Plan vFinal.csv,../../wsps_final\2020_10_19 Wk42 Weekly Supply Plan v2a.csv
Weekly,2020_10_26,Wk42,Wk43,../../wsps_final\2020_10_19 Wk42 Weekly Supply Plan v2a.csv,../../wsps_final\2020_10_26 Wk43 Weekly Supply Plan v3.csv
Weekly,2020_11_02,Wk43,Wk44,../../wsps_final\2020_10_26 Wk43 Weekly Supply Plan v3.csv,../../wsps_final\2020_11_02 Wk44 Weekly Supply Plan vFinal.csv
Weekly,2020_11_09,Wk44,Wk45,../../wsps_final\2020_11_02 Wk44 Weekly Supply Plan vFinal.csv,../../wsps_final\2020_11_09 Wk45 Weekly Supply Plan vFinal.csv
Weekly,2020_11_16,Wk45,Wk46,../../wsps_final\2020_11_09 Wk45 Weekly Supply Plan vFinal.csv,../../wsps_final\2020_11_16 Wk46 Weekly Supply Plan vFinal.csv
Weekly,2020_11_23,Wk46,Wk47,../../wsps_final\2020_11_16 Wk46 Weekly Supply Plan vFinal.csv,../../wsps_final\2020_11_23 Wk47 Weekly Supply Plan vFinal.csv
Weekly,2020_12_01,Wk47,Wk48,../../wsps_final\2020_11_23 Wk47 Weekly Supply Plan vFinal.csv,../../wsps_final\2020_12_01 Wk48 Weekly Supply Plan vFinal.csv
Weekly,2020_12_07,Wk48,Wk49,../../wsps_final\2020_12_01 Wk48 Weekly Supply Plan vFinal.csv,../../wsps_final\2020_12_07 Wk49 Weekly Supply Plan vFinal.csv
Weekly,2020_12_14,Wk49,Wk50,../../wsps_final\2020_12_07 Wk49 Weekly Supply Plan vFinal.csv,../../wsps_final\2020_12_14 Wk50 Weekly Supply Plan vFinal.csv
Weekly,2020_12_21,Wk50,Wk51,../../wsps_final\2020_12_14 Wk50 Weekly Supply Plan vFinal.csv,../../wsps_final\2020_12_21 Wk51 Weekly Supply Plan v2.csv
Weekly,2020_12_28,Wk51,Wk52,../../wsps_final\2020_12_21 Wk51 Weekly Supply Plan v2.csv,../../wsps_final\2020_12_28 Wk52 Weekly Supply Plan vFinal.csv
Weekly,2021_01_04,Wk52,Wk01,../../wsps_final\2020_12_28 Wk52 Weekly Supply Plan vFinal.csv,../../wsps_final\2021_01_04 Wk01 Weekly Supply Plan vFinal.csv
Weekly,2021_01_11,Wk01,Wk02,../../wsps_final\2021_01_04 Wk01 Weekly Supply Plan vFinal.csv,../../wsps_final\2021_01_11 Wk02 Weekly Supply Plan v3.csv
Weekly,2021_01_18,Wk02,Wk03,../../wsps_final\2021_01_11 Wk02 Weekly Supply Plan v3.csv,../../wsps_final\2021_01_18 Wk03 Weekly Supply Plan vFinal.csv
Weekly,2021_01_25,Wk03,Wk04,../../wsps_final\2021_01_18 Wk03 Weekly Supply Plan vFinal.csv,../../wsps_final\2021_01_25 Wk04 Weekly Supply Plan vFinal_che_cost_corr.csv
Weekly,2021_02_01,Wk04,Wk05,../../wsps_final\2021_01_25 Wk04 Weekly Supply Plan vFinal_che_cost_corr.csv,../../wsps_final\2021_02_01 Wk05 Weekly Supply Plan vFinal_che_cost_corr.csv
Weekly,2021_02_08,Wk05,Wk06,../../wsps_final\2021_02_01 Wk05 Weekly Supply Plan vFinal_che_cost_corr.csv,../../wsps_final\2021_02_08 Wk06 Weekly Supply Plan vFinal.csv
Weekly,2021_02_15,Wk06,Wk07,../../wsps_final\2021_02_08 Wk06 Weekly Supply Plan vFinal.csv,../../wsps_final\2021_02_15 Wk07 Weekly Supply Plan v3.csv
Weekly,2021_02_22,Wk07,Wk08,../../wsps_final\2021_02_15 Wk07 Weekly Supply Plan v3.csv,../../wsps_final\2021_02_22 Wk08 Weekly Supply Plan vFinal.csv
Weekly,2021_03_01,Wk08,Wk09,../../wsps_final\2021_02_22 Wk08 Weekly Supply Plan vFinal.csv,../../wsps_final\2021_03_01 Wk09 Weekly Supply Plan v2.csv
Weekly,2021_03_08,Wk09,Wk10,../../wsps_final\2021_03_01 Wk09 Weekly Supply Plan v2.csv,../../wsps_final\2021_03_08 Wk10 Weekly Supply Plan v2.csv
Weekly,2021_03_15,Wk10,Wk11,../../wsps_final\2021_03_08 Wk10 Weekly Supply Plan v2.csv,../../wsps_final\2021_03_15 Wk11 Weekly Supply Plan v2.csv
Weekly,2021_03_22,Wk11,Wk12,../../wsps_final\2021_03_15 Wk11 Weekly Supply Plan v2.csv,../../wsps_final\2021_03_22 Wk12 Weekly Supply Plan vFinal.csv
Weekly,2021_03_29,Wk12,Wk13,../../wsps_final\2021_03_22 Wk12 Weekly Supply Plan vFinal.csv,../../wsps_final\2021_03_29 Wk13 Weekly Supply Plan vFinal.csv
Weekly,2021_04_05,Wk13,Wk14,../../wsps_final\2021_03_29 Wk13 Weekly Supply Plan vFinal.csv,../../wsps_final\2021_04_05 Wk14 Weekly Supply Plan vFinal.csv
Weekly,2021_04_12,Wk14,Wk15,../../wsps_final\2021_04_05 Wk14 Weekly Supply Plan vFinal.csv,../../wsps_final\2021_04_12 Wk15 Weekly Supply Plan vFinal.csv
Weekly,2021_04_19,Wk15,Wk16,../../wsps_final\2021_04_12 Wk15 Weekly Supply Plan vFinal.csv,../../wsps_final\2021_04_19 Wk16 Weekly Supply Plan vFinal.csv
Weekly,2021_04_26,Wk16,Wk17,../../wsps_final\2021_04_19 Wk16 Weekly Supply Plan vFinal.csv,../../wsps_final\2021_04_26 Wk17 Weekly Supply Plan vFinal.csv
Weekly,2021_05_03,Wk17,Wk18,../../wsps_final\2021_04_26 Wk17 Weekly Supply Plan vFinal.csv,../../wsps_final\2021_05_03 Wk18 Weekly Supply Plan vFinal.csv
Weekly,2021_05_10,Wk18,Wk19,../../wsps_final\2021_05_03 Wk18 Weekly Supply Plan vFinal.csv,../../wsps_final\2021_05_10 Wk19 Weekly Supply Plan vFinal.csv
Weekly,2021_05_17,Wk19,Wk20,../../wsps_final\2021_05_10 Wk19 Weekly Supply Plan vFinal.csv,../../wsps_final\2021_05_17 Wk20 Weekly Supply Plan vFinal.csv
Weekly,2021_05_24,Wk20,Wk21,../../wsps_final\2021_05_17 Wk20 Weekly Supply Plan vFinal.csv,../../wsps_final\2021_05_24 Wk21 Weekly Supply Plan vFinal.csv
Weekly,2020_05_31,Wk21,Wk22,../../wsps_final\2021_05_24 Wk21 Weekly Supply Plan vFinal.csv,../../wsps_final\2021_05_31 Wk22 Weekly Supply Plan v1.csv
